{
    "PlayerLevel": 22,
    "PlayerGold": 6001.0,
    "PlayerExp": 0.0,
    "PlayerCurrentHp": 1.0,
    "PlayerPos": {
        "x": 44.642723083496097,
        "y": -7.586050987243652,
        "z": 0.0
    },
    "proWeaponSellect": 2,
    "proLevel": 3,
    "proFill": 1.0,
    "MasterVolume": 1.0,
    "BGMVolume": 1.0,
    "SFXVolume": 1.0,
    "PlayTime": 185.65902709960938
}