{
    "PlayerLevel": 1,
    "PlayerGold": 0.0,
    "PlayerExp": 0.0,
    "PlayerCurrentHp": 100.0,
    "PlayerPos": {
        "x": 74.13326263427735,
        "y": -2.336050510406494,
        "z": 0.0
    },
    "proWeaponSellect": 0,
    "proLevel": 3,
    "proFill": 100.0,
    "MasterVolume": 1.0,
    "BGMVolume": 1.0,
    "SFXVolume": 1.0,
    "PlayTime": 18.926944732666017
}