{
    "PlayerLevel": 1,
    "PlayerGold": 100.0,
    "PlayerExp": 0.20000000298023225,
    "PlayerCurrentHp": 100.0,
    "PlayerPos": {
        "x": -1.0058239698410035,
        "y": -0.5860501527786255,
        "z": 0.0
    },
    "Stage": [
        0,
        0
    ],
    "proWeaponSellect": 4,
    "proLevel": 0,
    "proFill": 0.0,
    "MasterVolume": 1.0,
    "BGMVolume": 1.0,
    "SFXVolume": 1.0,
    "PlayTime": 65.86359405517578,
    "EnemyKill": 2,
    "TotalGetGold": 50.0
}