{
    "PlayerLevel": 1,
    "PlayerGold": 0.0,
    "PlayerExp": 0.0,
    "PlayerCurrentHp": 1.0,
    "PlayerPos": {
        "x": 74.13326263427735,
        "y": -2.336050510406494,
        "z": 0.0
    },
    "proWeaponSellect": 1,
    "proLevel": 3,
    "proFill": 100,
    "MasterVolume": 0.05791456252336502,
    "BGMVolume": 1.0,
    "SFXVolume": 1.0,
    "PlayTime": 75.07699584960938
}