{
    "PlayerLevel": 1,
    "PlayerGold": 1000.0,
    "PlayerExp": 1.0,
    "PlayerCurrentHp": 100.0,
    "PlayerPos": {
        "x": 66.4000015258789,
        "y": -0.5860501527786255,
        "z": 0.0
    },
    "proWeaponSellect": 0,
    "proLevel": 3,
    "proFill": 1.0,
    "MasterVolume": 0.2280033975839615,
    "BGMVolume": 1.0,
    "SFXVolume": 1.0,
    "PlayTime": 27.519132614135743
}