{
    "PlayerLevel": 22,
    "PlayerGold": 33333.0,
    "PlayerExp": 0.0,
    "PlayerCurrentHp": 100.0,
    "PlayerPos": {
        "x": 70.93315124511719,
        "y": -7.586050987243652,
        "z": 0.0
    },
    "proWeaponSellect": 2,
    "proLevel": 3,
    "proFill": 1.0,
    "MasterVolume": 1.0,
    "BGMVolume": 1.0,
    "SFXVolume": 1.0,
    "PlayTime": 202.60350036621095
}