{
    "PlayerLevel": 1,
    "PlayerGold": 0.0,
    "PlayerExp": 0.0,
    "PlayerCurrentHp": 100.0,
    "PlayerPos": {
        "x": -0.05769999697804451,
        "y": -0.5860501527786255,
        "z": 0.0
    },
    "Stage": [
        0,
        0
    ],
    "proWeaponSellect": 1,
    "proLevel": 3,
    "proFill": 100.0,
    "PlayTime": 9.116691589355469,
    "EnemyKill": 0,
    "TotalGetGold": 0.0,
    "TotalDamaged": 0.0
}