{
    "PlayerLevel": 1,
    "PlayerGold": 0.0,
    "PlayerExp": 0.0,
    "PlayerCurrentHp": 42.09999084472656,
    "PlayerPos": {
        "x": 44.642723083496097,
        "y": -7.586050987243652,
        "z": 0.0
    },
    "proWeaponSellect": 0,
    "proLevel": 1,
    "proFill": 1.0,
    "MasterVolume": 1.0,
    "BGMVolume": 1.0,
    "SFXVolume": 1.0,
    "PlayTime": 170.87451171875
}