{
    "PlayerLevel": 22,
    "PlayerGold": 1000.0,
    "PlayerExp": 0.0,
    "PlayerCurrentHp": 42.09999084472656,
    "PlayerPos": {
        "x": 39.95698547363281,
        "y": -7.586050987243652,
        "z": 0.0
    },
    "proWeaponSellect": 0,
    "proLevel": 3,
    "proFill": 1.0,
    "MasterVolume": 1.0,
    "BGMVolume": 1.0,
    "SFXVolume": 1.0,
    "PlayTime": 183.58262634277345
}