{
    "PlayerLevel": 3,
    "PlayerGold": 519545.0,
    "PlayerExp": 0.40000006556510928,
    "PlayerCurrentHp": 22.0,
    "PlayerPos": {
        "x": 5.400000095367432,
        "y": -0.7298001050949097,
        "z": 0.0
    },
    "Stage": [
        0,
        5
    ],
    "proWeaponSellect": 1,
    "proLevel": 3,
    "proFill": 1.0,
    "PlayTime": 647.9065551757813,
    "EnemyKill": 32,
    "TotalGetGold": 1650.0,
    "TotalDamaged": 21346.048828125,
    "LastMarketList": [
        "",
        "",
        "",
        "",
        "",
        ""
    ],
    "LastChestItem": ""
}