{
    "PlayerLevel": 5,
    "PlayerGold": 14850.0,
    "PlayerExp": 0.9666674733161926,
    "PlayerCurrentHp": 42.09999084472656,
    "PlayerPos": {
        "x": 44.642723083496097,
        "y": -7.586050987243652,
        "z": 0.0
    },
    "proWeaponSellect": 2,
    "proLevel": 2,
    "proFill": 0.9399996399879456,
    "MasterVolume": 1.0,
    "BGMVolume": 1.0,
    "SFXVolume": 1.0,
    "PlayTime": 153.33660888671876
}