{
    "PlayerLevel": 1,
    "PlayerGold": 1000.0,
    "PlayerExp": 1.0,
    "PlayerCurrentHp": 100.0,
    "PlayerPos": {
        "x": 66.4000015258789,
        "y": -0.3014879822731018,
        "z": 0.0
    },
    "proWeaponSellect": 0,
    "proLevel": 3,
    "proFill": 1.0,
    "MasterVolume": 0.05791456252336502,
    "BGMVolume": 1.0,
    "SFXVolume": 1.0,
    "PlayTime": 18.508563995361329
}