{
    "PlayerLevel": 1,
    "PlayerGold": 1000.0,
    "PlayerExp": 50.0,
    "PlayerCurrentHp": 100.0,
    "PlayerPos": {
        "x": -0.05769999697804451,
        "y": -0.5860501527786255,
        "z": 0.0
    },
    "proWeaponSellect": 2,
    "proLevel": 0,
    "proFill": 1.0,
    "MasterVolume": 0.05791456252336502,
    "BGMVolume": 1.0,
    "SFXVolume": 1.0,
    "PlayTime": 10.156357765197754
}